m_id,Sender,Subject,Date,Snippet,Message_body,project
1656a28780be91c3,"""vivek gaikwad (via google drive)"" <gaikwadvivek6398@gmail.com>",dbms lab - request for access,2018-08-24,"Vivek Gaikwad is requesting access to the following folder: DBMS LAB Open sharing settings Google Drive: Have all your files within reach from any device. Google LLC, 1600 Amphitheatre Parkway,",,dbms
164cb3271f846d05,shrikant gadekar <gadekarshrikant42@gmail.com>,cn server side,2018-07-24,,,cn
164a321563865f56,aaditya deshpande <aadityadeshpande1998@gmail.com>,fwd: cn subnet group,2018-07-16,"---------- Forwarded message --------- From: shrikant gadekar &lt;gadekarshrikant42@gmail.com&gt; Date: Tue, 10 Jul 2018, 12:57 pm Subject: cn subnet group To: anand kale &lt;anand.kale65@gmail.com&gt;",,cn
164830ee94770126,vaibhav chavan <chavanvaibhav17@gmail.com>,cn lab,2018-07-10,,,cn
1646406076c3a92e,shweta borse <borseshweta18@gmail.com>,fwd: dbms,2018-07-04,"---------- Forwarded message ---------- From: Shweta Borse &lt;borseshweta18@gmail.com&gt; Date: Thu, Jun 28, 2018 at 11:05 AM Subject: DBMS To: uttarwargauri18@gmail.com",,dbms
1646030b1d983316,rohit agarwal <r.agal360@gmail.com>,dbms programs,2018-07-03,,,dbms
164450e6b449df51,nilesh bankar <007bankar@gmail.com>,fwd: dbms 1,2018-06-28,,,dbms
