m_id,Sender,Subject,Date,Snippet,Message_body,project
1641e30b283ba23a,adobe systems <mail@info.adobesystems.com>,from idea to experience — all in xd,2018-06-20,"Build your UX skills with Adobe XD CC, a fast, easy, all-in-one experience design tool. Send to a friend | Read online The future of experience design. No experience required. The future of experience","[<p>view web version:
http://t-info.mail.adobe.com/r/?id=t166eb63b,977e05b2,977e7afb&amp;p1=%40ipv4peau6yot5rgpltk5vqllqnsaqevzrlviq6mqwde%3d

unfortunately, your email client cannot display html or your
settings are turned off. to view this email, please click or 
copy and paste the link above into your browser.

******************************************************************

to ensure future delivery of email, please add mail@info.adobesystems.com
http://t-info.mail.adobe.com/r/?id=t166eb63b,977e05b2,977e7aff
to your address book, contacts, or safe sender list.

this is a marketing email from adobe systems software ireland limited,4-6 riverwalk, citywest business park, dublin 24, ireland. click below to unsubscribe: http://t-info.mail.adobe.com/r/?id=t166eb63b,977e05b2,977e7afd&amp;p1=aadityadeshpandeasmi@gmail.com&amp;p2=%40ecjsfsds%2foamdionpiajmjnr0q8uyqp8jwsan7isdyvhkphg%2bmnsmamauskylezr&amp;p3=

your privacy is important to us. please review adobe's 
privacy policy:
http://t-info.mail.adobe.com/r/?id=t166eb63b,977e05b2,977e7afe

registered office: adobe systems software ireland limited, 4â€‘6 riverwalk, citywest business park, dublin 24, ireland. registered number: 344992

</p>]",adobe
163dfa7e12bcf4fa,account-noreply@adobe.com,your adobe id password has changed,2018-06-08,"Dear Aaditya Deshpande, Recently your AdobeID password has changed. If you didn&#39;t request this password change please contact the customer support team. http://www.adobe.com/support/contact/ The","[<p>dear aaditya deshpande,

recently your adobeid password has changed.
if you didn't request this password change please contact the customer support team. 
http://www.adobe.com/support/contact/

the adobe team

copyright 2018 adobe systems incorporated. all rights reserved. 345 park avenue, san jose, ca 95110 usa
            </p>]",adobe
