{"access_token": "ya29.Glw9BsyC105rDkAEF-9KuAMTU0WGggdmZKF8kXTQMYsfwAecqlsgL8HS5eC0hQ4J3IEHK4iPnpYd6r6Il5fD3KUSfw58kiicfYicWF2eAAQ0adfP6LqF286QRZd7lw", "client_id": "710417086917-vtfpjtu534jf9vacksosrher1s11u8da.apps.googleusercontent.com", "client_secret": "Js_SvbIdPGptERPVKwpF4IKX", "refresh_token": "1/IQMTy4lnN2qGXXh6MzffUlZNRtXAiVjGHcvIS6NOJQqf04Djhs1cvBF3sF314QYq", "token_expiry": "2018-10-21T21:07:15Z", "token_uri": "https://www.googleapis.com/oauth2/v3/token", "user_agent": null, "revoke_uri": "https://accounts.google.com/o/oauth2/revoke", "id_token": null, "id_token_jwt": null, "token_response": {"access_token": "ya29.Glw9BsyC105rDkAEF-9KuAMTU0WGggdmZKF8kXTQMYsfwAecqlsgL8HS5eC0hQ4J3IEHK4iPnpYd6r6Il5fD3KUSfw58kiicfYicWF2eAAQ0adfP6LqF286QRZd7lw", "expires_in": 3600, "scope": "https://www.googleapis.com/auth/gmail.modify", "token_type": "Bearer"}, "scopes": ["https://www.googleapis.com/auth/gmail.modify"], "token_info_uri": "https://www.googleapis.com/oauth2/v3/tokeninfo", "invalid": false, "_class": "OAuth2Credentials", "_module": "oauth2client.client"}