{"access_token": "ya29.Gls9BhqmbieyEW6pixGyG3IUYazSFpro5WcD8GTM9pPurIm1tc6OT4hI-iP-bAvTvvK16FxWHtbw_T6IksPibiLFPz86LgU4TjXMP3guRcei9_SPjJSsEn0Hr818", "client_id": "710417086917-vtfpjtu534jf9vacksosrher1s11u8da.apps.googleusercontent.com", "client_secret": "Js_SvbIdPGptERPVKwpF4IKX", "refresh_token": "1/RLer1OgP79F6nNrxIdeG7fm2_j3_2nTgXiZH3VqwHD0", "token_expiry": "2018-10-21T18:58:12Z", "token_uri": "https://www.googleapis.com/oauth2/v3/token", "user_agent": null, "revoke_uri": "https://accounts.google.com/o/oauth2/revoke", "id_token": null, "id_token_jwt": null, "token_response": {"access_token": "ya29.Gls9BhqmbieyEW6pixGyG3IUYazSFpro5WcD8GTM9pPurIm1tc6OT4hI-iP-bAvTvvK16FxWHtbw_T6IksPibiLFPz86LgU4TjXMP3guRcei9_SPjJSsEn0Hr818", "expires_in": 3600, "refresh_token": "1/RLer1OgP79F6nNrxIdeG7fm2_j3_2nTgXiZH3VqwHD0", "scope": "https://www.googleapis.com/auth/gmail.modify", "token_type": "Bearer"}, "scopes": ["https://www.googleapis.com/auth/gmail.modify"], "token_info_uri": "https://www.googleapis.com/oauth2/v3/tokeninfo", "invalid": false, "_class": "OAuth2Credentials", "_module": "oauth2client.client"}