{"access_token": "ya29.Glw9BkAydEho7N-kp76CUkeK0iJTG0pSrwH1hNS3FzGrfxx7QdHjpRHtOjx7hsSQjKCeNQnPlcYB_T7zRWuRlz1BDmk8gVYSulABDUymOSLi8XCtwC4aS0JiEf06yA", "client_id": "710417086917-vtfpjtu534jf9vacksosrher1s11u8da.apps.googleusercontent.com", "client_secret": "Js_SvbIdPGptERPVKwpF4IKX", "refresh_token": "1/bAVCwzjvmdGjcBZLljmNcgM41qVQNEQHplm6h1hNur4", "token_expiry": "2018-10-21T20:50:58Z", "token_uri": "https://www.googleapis.com/oauth2/v3/token", "user_agent": null, "revoke_uri": "https://oauth2.googleapis.com/revoke", "id_token": null, "id_token_jwt": null, "token_response": {"access_token": "ya29.Glw9BkAydEho7N-kp76CUkeK0iJTG0pSrwH1hNS3FzGrfxx7QdHjpRHtOjx7hsSQjKCeNQnPlcYB_T7zRWuRlz1BDmk8gVYSulABDUymOSLi8XCtwC4aS0JiEf06yA", "expires_in": 3600, "scope": "https://www.googleapis.com/auth/gmail.modify", "token_type": "Bearer"}, "scopes": ["https://www.googleapis.com/auth/gmail.modify"], "token_info_uri": "https://oauth2.googleapis.com/tokeninfo", "invalid": false, "_class": "OAuth2Credentials", "_module": "oauth2client.client"}