{"access_token": "ya29.Gl09BpI8RYen32r06-Gqd3UGJNTIhR_FkvfYHedGG7mFqrKRFb3PwitO7egHRJqwqWb38dZ-KpPH-9TbTom6TEZJxFb5UOr2ibtnfzyMvSkBKUKAfAq1q_JZ81DfBfI", "client_id": "710417086917-vtfpjtu534jf9vacksosrher1s11u8da.apps.googleusercontent.com", "client_secret": "Js_SvbIdPGptERPVKwpF4IKX", "refresh_token": "1/hH5IlxHhW30vbWX0aIVYtYRqlM89TyAAFg0Hy0DHqr7eGFhc1HuNvQwtbEvBw0cb", "token_expiry": "2018-10-21T16:49:05Z", "token_uri": "https://www.googleapis.com/oauth2/v3/token", "user_agent": null, "revoke_uri": "https://accounts.google.com/o/oauth2/revoke", "id_token": null, "id_token_jwt": null, "token_response": {"access_token": "ya29.Gl09BpI8RYen32r06-Gqd3UGJNTIhR_FkvfYHedGG7mFqrKRFb3PwitO7egHRJqwqWb38dZ-KpPH-9TbTom6TEZJxFb5UOr2ibtnfzyMvSkBKUKAfAq1q_JZ81DfBfI", "expires_in": 3600, "scope": "https://www.googleapis.com/auth/gmail.modify", "token_type": "Bearer"}, "scopes": ["https://www.googleapis.com/auth/gmail.modify"], "token_info_uri": "https://www.googleapis.com/oauth2/v3/tokeninfo", "invalid": false, "_class": "OAuth2Credentials", "_module": "oauth2client.client"}