m_id,Sender,Subject,Date,Snippet,Message_body
1664b858c8d898af,Google <no-reply@accounts.google.com>,Security alert,2018-10-06,Aaditya Deshpande New device signed in to aadityadeshpandeasmi@gmail.com Your Google Account was just signed in to from a new Linux device. You&#39;re getting this email to make sure it was you. Check,
1664525bff723415,"""Yocket.in"" <notifications@yocket.in>",Reminder: Online US university fair tomorrow!,2018-10-05,"Yocket Hey, We are excited to invite you for the EducationUSA - Yocket graduate virtual fair. 57 US universities, 300+ university representatives, 500+ courses, 1000s of dollars of application fee",
166445a6316cd6b5,Shivani Jain <info@eckmarket.in>,[Important] TCS Doubles Pay for Freshers With These New-Age Skills,2018-10-05,"Dear Deshpande Aaditya Prasad, TCS has offered freshers with new-age digital skills almost double the salary it normally pays those coming out of campuses. Read more about it here. Employees armed with",
1663a18b002e3e77,Martijn from DataCamp <team@datacamp.com>,"New Courses, Practice Exercises & Projects!",2018-10-03,"Hi there, We have a lot of new content to announce this week! Starting with 8 new courses covering topics such as conda and Shell, social media, HR analytics, and more! We&#39;re also happy to announce",
16636178cb0a1752,"""Yocket.in"" <notifications@yocket.in>",Easiest way to approach top US universities for profile evaluation & scholarships - Disclosed inside,2018-10-02,Yocket EducationUSA - Yocket Virtual Fair 2018 In the recent years education fairs have gained immense popularity amongst the students aspiring to study abroad. So what is the buzz about? Attending the,
16635003a8a46233,Gabriel from DataCamp <team@datacamp.com>,What is Data Engineering?,2018-10-02,Demystifying Crucial Statistics in Python. For Loops in R. Customer Segmentation in Python. Writing R code the right way. Convolutional Neural Networks. Feature Selection in Python. And more! DataCamp,
166310ea4f1f743e,Grammarly Insights <info@send.grammarly.com>,Your Weekly Progress Report + Stories & Tips,2018-10-01,"It seems that you had no writing activity with Grammarly last week. Just to be safe, please make sure you are logged in so that we can populate this email with cool stats including personal records and",
1662fa69697ec5ee,Shivani Jain <info@eckmarket.in>,[Gandhi Jayanti] 2 days offer! Upto 75% + 25% off,2018-10-01,"Dear Deshpande Aaditya Prasad, Mahatma Gandhi, belovedly called as Bapu, always believed in achieving &quot;More from less for more&quot; which simply means utilizing the limited resources to the",
1662b395f22ef21d,Grammarly Premium <info@send.grammarly.com>,Psst. We Have Something for You (but it's a Secret),2018-09-30,"You&#39;re a real winner and we&#39;ve got another badge to prove it. Grammarly You&#39;ve Just Unlocked: The Secret Badge We&#39;re not supposed to do this, but we think you&#39;re a really amazing",
16623a0ddc9b77c7,Esha Gupta <info@eckmarket.in>,[Important]Must Complete Your Registration,2018-09-29,"Dear Deshpande Aaditya Prasad, If you know that in today&#39;s world, only 7% of the Engineering students are Employable. You might be wondering what skills those students might have that makes them",
16622f9dbf95602e,"""Yocket.in"" <notifications@yocket.in>",Easiest way to approach top US universities for profile evaluation & scholarships - Disclosed inside,2018-09-29,Yocket EducationUSA - Yocket Virtual Fair 2018 In the recent years education fairs have gained immense popularity amongst the students aspiring to study abroad. So what is the buzz about? Attending the,
1661134fd42392fb,Gabriel from DataCamp <team@datacamp.com>,💥 A Few Hours Left To Save Big On DataCamp!,2018-09-25,"Save Now &amp; Access the New Tidyverse Fundamentals Track, Data Scientist with Python Track, and much more! DataCamp ISSUE #64 — SEPTEMBER 25, 2018 DataCamp Weekly Happy Tuesday! This week&#39;s top",
16610aa7f1dc5625,Esha Gupta <info@eckmarket.in>,[Important] Master these Emerging Technologies with IIT Educators,2018-09-25,"Dear Deshpande Aaditya Prasad, We combed our catalog and found courses and Specializations that we think match your interests. Browse our recommendations below, and start learning something new today!",
1660dd99b51dcdc0,Grammarly Insights <info@send.grammarly.com>,Your Weekly Progress Report + Last Week for Half Off Premium,2018-09-24,"It seems that you had no writing activity with Grammarly last week. Just to be safe, please make sure you are logged in so that we can populate this email with cool stats including personal records and",
1660bf72749775c1,The DataCamp Team <team@datacamp.com>,2 Days Left to Save 67%!,2018-09-24,This offer expires soon! Make data science your superpower. Learn to make better decisions with data and get ahead in your career. DataCamp Less Than 2 Days Left to Save 67% Make data science your,
1660167e6181b5d7,Esha Gupta <info@eckmarket.in>,[Imp] Learn a New Skill With IIT Educators,2018-09-22,"Dear Deshpande Aaditya Prasad, This semester, up skill and invest in yourself by joining Eckovation&#39;s Training Program led by a team of IIT Delhi educators with a combined work experience of over",
165f734f5ccd6d0d,Gabriel from DataCamp <team@datacamp.com>,Becoming a Data Scientist,2018-09-20,"Issue #63. Comparing Keras and TensorFlow. 7 resume tips for early analytics careers. Tensors with PyTorch. Understanding boxplots and much more! DataCamp ISSUE #63 — SEPTEMBER 20, 2018 We&#39;re",
165f64228dbac31a,"""Yocket.in"" <notifications@yocket.in>","Online US University Fair : Profile evaluation, scholarships & more",2018-09-20,Yocket EducationUSA - Yocket Virtual Fair 2018 Yocket in association with Education USA is organizing biggest virtual fair for aspirants who are planning to study in US. Interact with 30+ top US,
165f22c8082a636f,Martijn from DataCamp <team@datacamp.com>,"New Track, Courses, and Project!",2018-09-19,"Hi there, We have a lot of new content to share this week! A new Course on A/B testing, a Project on predicting Taxi fares, and a new track on Tidyverse Fundamentals. Take advantage of this content and",
165ecff6d8a3fd84,The DataCamp Team <team@datacamp.com>,Save 67% on DataCamp!,2018-09-18,"Hello there, Make data science your superpower. Get ahead by making better decisions with data and save 67% on an annual DataCamp subscription. Learn anywhere, anytime, on any device. This offer runs",
165ec1f75db10275,Esha Gupta <info@eckmarket.in>,[Must Read] Machines will rule workplace by 2025,2018-09-18,"Dear Deshpande Aaditya Prasad, More than 54% of India&#39;s employees in 12 sectors need reskilling by 2022, says WEF In less than seven years, by 2025, machines are projected to overtake humans in",
165e8bcbe4f3b507,Grammarly Insights <info@send.grammarly.com>,Your Weekly Progress Report + Get Half Off a Premium Upgrade,2018-09-17,"It seems that you had no writing activity with Grammarly last week. Just to be safe, please make sure you are logged in so that we can populate this email with cool stats including personal records and",
165c8d4a1f1d4e23,Gabriel from DataCamp <team@datacamp.com>,Who is the 'Worst' Bachelor?,2018-09-11,The worst TV Bachelor. Credit Card Fraud Detection Tutorial. Popular Python Trading Platform. Working with Datetime Date in Python. Analyzing Cricket Performance in R and much more! DataCamp ISSUE #62,
165c4e811075173b,Grammarly Insights <info@send.grammarly.com>,Your Weekly Progress Report + Stories & Tips,2018-09-10,"It seems that you had no writing activity with Grammarly last week. Just to be safe, please make sure you are logged in so that we can populate this email with cool stats including personal records and",
165bf846ce2248c2,Mimo <no-reply@getmimo.com>,Congrats on your first step!,2018-09-09,"Mimo Logo Hey there, Congrats on your first big step towards learning to code! We&#39;ve helped millions of beginners jump into coding, and we&#39;re here to help you too! To get you started here&#39;s",
165b3640e071cf31,Esha Gupta <info@eckmarket.in>,[Imp Notice] Less than 1 Year left for the Placement,2018-09-07,"Dear Deshpande Aaditya Prasad In less than 1 year, the placement will start for all of you. You need to be ready for getting the quality jobs. In India 8-12 lakhs job are avaliable in specific",
165a9eb9a4c5a8e7,Martijn from DataCamp <team@datacamp.com>,"New Courses, Practice Pools & Project!",2018-09-05,"Hi there, We have a lot of new content to announce this week! Starting with 6 new courses covering topics such as machine learning, finance, and marketing. We&#39;re also happy to announce 5 new",
165a4ee3be8dd662,Gabriel from DataCamp <team@datacamp.com>,Predicting the Popularity of NY Times Comments,2018-09-04,"Dive into machine learning and recommendation systems. Statistical arbitrage techniques. Python for trading. Predicting the popularity of NY Times comments, and more! DataCamp ISSUE #61 — SEPTEMBER 4,",
165a323e74b223e3,shrikant gadekar <gadekarshrikant42@gmail.com>,Fwd: Socket Programming,2018-09-04,"---------- Forwarded message --------- From: Smita Chaudhari &lt;smita.mc@gmail.com&gt; Date: Tue, Sep 4, 2018, 11:19 AM Subject: Fwd: Socket Programming To: &lt;uttarwargauri18@gmail.com&gt;, &lt;",
165a13c2a2921ae2,Grammarly Insights <info@send.grammarly.com>,Your Weekly Progress Report + Stories & Tips,2018-09-03,"It seems that you had no writing activity with Grammarly last week. Just to be safe, please make sure you are logged in so that we can populate this email with cool stats including personal records and",
16594dcc365fa67d,Google <no-reply@accounts.google.com>,Google APIs Explorer connected to your Google Account,2018-09-01,"Google APIs Explorer connected to your Google Account Hi Aaditya, Google APIs Explorer now has access to your Google Account aadityadeshpandeasmi@gmail.com. Google APIs Explorer can: Read, send, delete",
165948c5976b59d4,Google <no-reply@accounts.google.com>,Google APIs Explorer connected to your Google Account,2018-09-01,"Google APIs Explorer connected to your Google Account Hi Aaditya, Google APIs Explorer now has access to your Google Account aadityadeshpandeasmi@gmail.com. Google APIs Explorer can: Read, send, delete",
165843e63d36b823,Vivek Gaikwad <gaikwadvivek6398@gmail.com>,,2018-08-29,assing6,
1657de9f2c1e6073,Grammarly Insights <info@send.grammarly.com>,Your Weekly Progress Report + Final Week for Premium Savings,2018-08-27,"It seems that you had no writing activity with Grammarly last week. Just to be safe, please make sure you are logged in so that we can populate this email with cool stats including personal records and",
16576d7e3171e464,Google <no-reply@accounts.google.com>,Security alert,2018-08-26,Aaditya Deshpande New device signed in to aadityadeshpandeasmi@gmail.com Your Google Account was just signed in to from a new Vivo vivo 1726 device. You&#39;re getting this email to make sure it was,
1656a28780be91c3,"""Vivek Gaikwad (via Google Drive)"" <gaikwadvivek6398@gmail.com>",DBMS LAB - Request for access,2018-08-24,"Vivek Gaikwad is requesting access to the following folder: DBMS LAB Open sharing settings Google Drive: Have all your files within reach from any device. Google LLC, 1600 Amphitheatre Parkway,",
16561c96252ca83a,Martijn from DataCamp <team@datacamp.com>,New Courses & Project!,2018-08-22,"Hi there, We&#39;ve been busy here at DataCamp. We&#39;ve recently launched 3 new Courses and 1 new Project for you to expand your data science skills. Check them out below! Preprocessing for Machine",
1655caa6351608fe,Gabriel from DataCamp <team@datacamp.com>,The Fall of The Simpsons,2018-08-21,"Build a ggplot. Logistic Regression. What is AI? Predicting Employee Churn. Data Science in Finance. Career move to Big Data. SAS, R or Python? DataCamp ISSUE #60 — AUGUST 21, 2018 Hi there - this",
1655b63d0bf4fd34,Sunny Khandare <sunnyakhandare5618@gmail.com>,Re: UDPServer,2018-08-21,"On 21 August 2018 at 12:30, Aaditya Deshpande &lt;aadityadeshpandeasmi@gmail.com&gt; wrote:",
16559e4a71bfe9e0,Grammarly Insights <info@send.grammarly.com>,Your Weekly Progress Report + Stress-Buster Premium Savings,2018-08-20,"It seems that you had no writing activity with Grammarly last week. Just to be safe, please make sure you are logged in so that we can populate this email with cool stats including personal records and",
1655661eeb7e57f9,Esha Gupta <info@eckmarket.in>,[Imp] Must Complete Your Training with IIT Educators,2018-08-20,"Dear Deshpande Aaditya Prasad, This semester, up skill and invest in yourself by joining Eckovation&#39;s Training Program led by a team of IIT Delhi educators with a combined work experience of over",
16538ac20fa8d9aa,Gabriel from DataCamp <team@datacamp.com>,How Analytics Leaders Can Take Charge of Their Teams,2018-08-14,"Google Maps API, Principal Component Analysis in R, decision tree and random forest models, Text Mining The Office TV show, Analytics Leadership DataCamp ISSUE #59 — AUGUST 14, 2018 Hi there - this",
165373182babe52e,Esha Gupta <info@eckmarket.in>,"This Independence Day, Learn Something New",2018-08-14,"Dear Deshpande Aaditya Prasad, Happy Independence Day! In the era of science and technology, to lead the 4th industrial revolution, India needs strong engineering students graduating from college. For",
16534c5713c95722,Grammarly Insights <info@send.grammarly.com>,Your Weekly Progress Report + Stories & Tips,2018-08-13,"It seems that you had no writing activity with Grammarly last week. Just to be safe, please make sure you are logged in so that we can populate this email with cool stats including personal records and",
1651e770462d583f,The DataCamp Team <team@datacamp.com>,"Python, R, or... Both?",2018-08-09,"Data science teams are doing amazing work in R, Python, and often both languages! Which do you prefer? Cast your vote by starting a new course! ‌ ‌ ‌ ‌ ‌ ‌ ‌ ‌ ‌ ‌ ‌ ‌ ‌ ‌ ‌ ‌ ‌ ‌ ‌ ‌ ‌ ‌ ‌ ‌ ‌ ‌ ‌ ‌ ‌",
16519bf10c6fdb31,Martijn from DataCamp <team@datacamp.com>,Three New Courses!,2018-08-08,"Hi there, We have launched three new courses in the past two weeks! Two in Python and one in R. Check them out below if you&#39;re interested in learning about Bayesian data analysis, police activity,",
16510f56160b7847,Grammarly Insights <info@send.grammarly.com>,Your Weekly Progress Report + Stories & Tips,2018-08-06,"It seems that you had no writing activity with Grammarly last week. Just to be safe, please make sure you are logged in so that we can populate this email with cool stats including personal records and",
1650a2b46ed69d12,Esha Gupta <info@eckmarket.in>,[Notice] New Batch of Certification Program by IIT Educators,2018-08-05,"Dear Deshpande Aaditya Prasad, India is the country which is giving max engineerings every year. The number is 7 lakhs. But, 67% engineers are not skilled to get jobs. Only 0.4% engineers are getting",
164fc6730f8f7659,Grammarly <info@send.grammarly.com>,Grammarly Business: Supercharge Your Company’s Communication,2018-08-02,Start saving with a team as small as three or as big as 3000! Get to know Grammarly Business. Grammarly Get to Know Grammarly Business Now you — and your entire team — can write with confidence.,
164fa6a7c8d4d5c7,The DataCamp Team <team@datacamp.com>,Save over 68% on DataCamp's premium courses,2018-08-02,Get your first month of DataCamp for just $9. That more than 68% off! Start learning Data Science today. ‌ ‌ ‌ ‌ ‌ ‌ ‌ ‌ ‌ ‌ ‌ ‌ ‌ ‌ ‌ ‌ ‌ ‌ ‌ ‌ ‌ ‌ ‌ ‌ ‌ ‌ ‌ ‌ ‌ ‌ ‌ ‌ ‌ ‌ ‌ ‌ ‌ ‌ ‌ ‌ ‌ ‌ ‌ ‌ ‌ ‌ ‌ ‌,
164ecba89e3a6efc,Grammarly Insights <info@send.grammarly.com>,Your Weekly Progress Report + Stories & Tips,2018-07-30,"It seems that you had no writing activity with Grammarly last week. Just to be safe, please make sure you are logged in so that we can populate this email with cool stats including personal records and",
164dbdcd2fac483e,Esha From Eckovation <info@eckmarket.in>,[Important] In-Semester Course Certification + Winter Internship,2018-07-27,"Dear Deshpande Aaditya Prasad, Employment Outlook survey has recently projected India as the third strongest nation for hiring after Taiwan and Japan. Make the most of this opportunity by learning a",
164d19706a1731ae,Martijn from DataCamp <team@datacamp.com>,New Courses & Project!,2018-07-25,"Hi there, We have a lot of new content this week: two new R Courses and one new R Project. By taking these, you&#39;ll get more familiar with data cleaning and visualization, statistics, experimental",
164cb3271f846d05,shrikant gadekar <gadekarshrikant42@gmail.com>,CN server side,2018-07-24,,
164caed02f17b15c,Sunny Khandare <sunnyakhandare5618@gmail.com>,Re: assign_3.cpp,2018-07-24,"On 17 July 2018 at 11:51, Sunny Khandare &lt;sunnyakhandare5618@gmail.com&gt; wrote:",
164c8e92ab23d68a,Grammarly Insights <info@send.grammarly.com>,Your Weekly Progress Report + Save Big on a Year of Premium,2018-07-23,"It seems that you had no writing activity with Grammarly last week. Just to be safe, please make sure you are logged in so that we can populate this email with cool stats including personal records and",
164c1c463fa3a239,The DataCamp Team <team@datacamp.com>,Tips and Tricks from DataCamp,2018-07-22,"Welcome to DataCamp! To help you get the most out of your data science education, we&#39;ve compiled some tips and tricks. ‌ ‌ ‌ ‌ ‌ ‌ ‌ ‌ ‌ ‌ ‌ ‌ ‌ ‌ ‌ ‌ ‌ ‌ ‌ ‌ ‌ ‌ ‌ ‌ ‌ ‌ ‌ ‌ ‌ ‌ ‌ ‌ ‌ ‌ ‌ ‌ ‌ ‌ ‌",
164b777951f5b841,The DataCamp Team <team@datacamp.com>,What is Data Science?,2018-07-20,"&quot;Data science&quot; can be hard to define, and the definition is constantly evolving. We thought it would be helfpul to share a working definition since you&#39;re just getting started with us. ‌",
164b25185261fe6e,The DataCamp Team <team@datacamp.com>,Welcome to the R Programmer track,2018-07-19,Welcome to the R Programmer track! An R Programmer uses their programming skills to wrangle data and build tools for data analysis. ‌ ‌ ‌ ‌ ‌ ‌ ‌ ‌ ‌ ‌ ‌ ‌ ‌ ‌ ‌ ‌ ‌ ‌ ‌ ‌ ‌ ‌ ‌ ‌ ‌ ‌ ‌ ‌ ‌ ‌ ‌ ‌ ‌ ‌ ‌,
164b251345f60e73,The DataCamp Team <team@datacamp.com>,Welcome to DataCamp!,2018-07-19,Welcome to DataCamp! You are one step closer to becoming a data science pro! ‌ ‌ ‌ ‌ ‌ ‌ ‌ ‌ ‌ ‌ ‌ ‌ ‌ ‌ ‌ ‌ ‌ ‌ ‌ ‌ ‌ ‌ ‌ ‌ ‌ ‌ ‌ ‌ ‌ ‌ ‌ ‌ ‌ ‌ ‌ ‌ ‌ ‌ ‌ ‌ ‌ ‌ ‌ ‌ ‌ ‌ ‌ ‌ ‌ ‌ ‌ ‌ ‌ ‌ ‌ ‌ ‌ ‌ ‌ ‌ ‌ ‌,
164ae43796660aa6,"""Yocket.in"" <notifications@yocket.in>",India's largest study abroad workshop in Pune,2018-07-18,Yocket Hello! You are invited for the largest study abroad workshop &amp; networking session of the year for students and their parents on 22nd July @ 4pm. It&#39;s a free event but registration is,
164a6e648391ab72,Sunny Khandare <sunnyakhandare5618@gmail.com>,assign_3.cpp,2018-07-17,,
164a536b2aad322a,Grammarly Insights <info@send.grammarly.com>,Your Weekly Progress Report + Stories & Tips,2018-07-16,"It seems that you had no writing activity with Grammarly last week. Just to be safe, please make sure you are logged in so that we can populate this email with cool stats including personal records and",
164a321563865f56,Aaditya Deshpande <aadityadeshpande1998@gmail.com>,Fwd: cn subnet group,2018-07-16,"---------- Forwarded message --------- From: shrikant gadekar &lt;gadekarshrikant42@gmail.com&gt; Date: Tue, 10 Jul 2018, 12:57 pm Subject: cn subnet group To: anand kale &lt;anand.kale65@gmail.com&gt;",
164830ee94770126,Vaibhav Chavan <chavanvaibhav17@gmail.com>,CN LAB,2018-07-10,,
164800cd357db00f,Grammarly Insights <info@send.grammarly.com>,Your Weekly Progress Report + Stories & Tips,2018-07-09,"It seems that you had no writing activity with Grammarly last week. Just to be safe, please make sure you are logged in so that we can populate this email with cool stats including personal records and",
1647d9a9fd2873c2,Esha Gupta <info@eckmarket.in>,[Important] Become a Master in Coding,2018-07-09,"Dear Deshpande Aaditya Prasad, There is a saying that it takes 10000 hours of doing something to master it. So, to master programming, it might take you 10000 hours of being actively coding or thinking",
1646eb1e0ba71c26,Esha Gupta <info@eckmarket.in>,[IMPORTANT] Your chance to Complete a Internship within One Month,2018-07-06,"Dear Deshpande Aaditya Prasad, Union HRD Minister Prakash Javadekar stated in the Lok Sabha that from now, at least three internships will be made compulsory for engineering students across the country",
1646920049dda77c,Shweta Borse <borseshweta18@gmail.com>,,2018-07-05,,
1646406076c3a92e,Shweta Borse <borseshweta18@gmail.com>,Fwd: DBMS,2018-07-04,"---------- Forwarded message ---------- From: Shweta Borse &lt;borseshweta18@gmail.com&gt; Date: Thu, Jun 28, 2018 at 11:05 AM Subject: DBMS To: uttarwargauri18@gmail.com",
16463d5dd3fc9598,Google <no-reply@accounts.google.com>,Security alert,2018-07-04,Aaditya Deshpande New device signed in to aadityadeshpandeasmi@gmail.com Your Google Account was just signed in to from a new Windows device. You&#39;re getting this email to make sure it was you.,
16460e4496357aad,Grammarly <info@send.grammarly.com>,You've Earned a New Badge!,2018-07-03,Quick! Read this email before the tesseract closes. Grammarly A Wrinkle in Time Badge You&#39;ve Just Unlocked: The Wrinkle in Time Badge Hey there! You previously installed Grammarly on your browser,
1646030b1d983316,Rohit Agarwal <r.agal360@gmail.com>,DBMS Programs,2018-07-03,,
1645c7c210acddf2,Grammarly Insights <info@send.grammarly.com>,Your Weekly Progress Report + Stories & Tips,2018-07-02,"It seems that you had no writing activity with Grammarly last week. Just to be safe, please make sure you are logged in so that we can populate this email with cool stats including personal records and",
1644b721e98a87b7,Esha Gupta <info@eckmarket.in>,[IMPORTANT] Complete a ONE MONTH INTERNSHIP,2018-06-29,"Dear Deshpande Aaditya Prasad, Union HRD Minister Prakash Javadekar stated in the Lok Sabha that from now, at least three internships will be made compulsory for engineering students across the country",
164450efcb3c29d8,Google <no-reply@accounts.google.com>,Security alert,2018-06-28,Aaditya Deshpande New device signed in to aadityadeshpandeasmi@gmail.com Your Google Account was just signed in to from a new Linux device. You&#39;re getting this email to make sure it was you. Check,
164450e6b449df51,Nilesh Bankar <007bankar@gmail.com>,Fwd: DBMS 1,2018-06-28,,
1644116519747658,Esha Gupta <info@eckmarket.in>,[IMPORTANT] 7 Courses to Boost Your Resume,2018-06-27,"Dear Deshpande Aaditya Prasad, India is the country which is giving max engineerings every year. The number is 7 lakhs. But, 67% engineers are not skilled to get jobs. Only 0.4% engineers are getting",
1643bd85bb669306,Awign Internships <contact@awign.com>,OYO Internship | Earn INR 5000 per week | Work 2 hrs a day,2018-06-26,Hi We had received your application on another internship before. We now have an internship requiring urgent work to be executed for Oyo Rooms. Apply here: https://tinyurl.com/ybh84j8g Roles &amp;,
164390808b1ea61a,Grammarly Insights <info@send.grammarly.com>,Your Weekly Progress Report + Last Week for Half Off Premium,2018-06-25,"It seems that you had no writing activity with Grammarly last week. Just to be safe, please make sure you are logged in so that we can populate this email with cool stats including personal records and",
1642c479111be50d,Radhika Jain <info@eckmarket.in>,[Important] Minor/Major Projects of Engineering,2018-06-23,"Dear Deshpande Aaditya Prasad, Role of Minor and Major Projects in life of Engineering students are very crucial. It not just affect the grades of Engineering but also matter a lot for good CV/Resume.",
1641e30b283ba23a,Adobe Systems <mail@info.adobesystems.com>,From idea to experience — all in XD,2018-06-20,"Build your UX skills with Adobe XD CC, a fast, easy, all-in-one experience design tool. Send to a friend | Read online The future of experience design. No experience required. The future of experience",
1641db4e768312a6,Radhika Jain <info@eckmarket.in>,[Important] Minor Degree Program with IIT | Internship,2018-06-20,"Dear Deshpande Aaditya Prasad, Minor Degree Program is the popular program of Eckovation which ensures complete industrial training of individual in specific domain. It is designed by IIT Experts in",
1641c28b3abd48ab,Sree Nandhees Technologies <contact@olvtr5sy.bigboss2.org>,Fresher Dip/B.E - Coimbatore,2018-06-20,"Fresher Dip/BE - Coimbatore Sree Nandhees Technologies Pvt LTd - Ambattur, Chennai, Tamil Nadu ₹10000 - ₹15000 a month - Full-time, Fresher Dear Candidate, We are extensively looking for candidates in",
164154ea900f78c1,Grammarly Insights <info@send.grammarly.com>,Your Weekly Progress Report + Half Off Premium,2018-06-18,"It seems that you had no writing activity with Grammarly last week. Just to be safe, please make sure you are logged in so that we can populate this email with cool stats including personal records and",
1640d216aa4c5b6b,Radhika Jain <info@eckmarket.in>,[Last Day] Summer Internship  2018,2018-06-17,"Dear Deshpande Aaditya Prasad, Today is the last day of registration for Summer Training cum Internship program, complete the process with extra discount now! IIT Graduates are now Industrial Leaders,",
163fd1cfad43d48b,Radhika Jain <info@eckmarket.in>,[Must Do] Summer Training Program 2018,2018-06-14,"Dear Deshpande Aaditya Prasad, Passing semester exams and completing academic projects is an important thing but summer training give industrial exposure. Thus engineering student should take summer",
163fa31ffb1e4e97,Grammarly <info@send.grammarly.com>,Writer’s Block? We’ve Got an App for That,2018-06-13,"This is awkward. It looks like you&#39;ve stopped using Grammarly on your browser. Grammarly Anybody Home? Aaditya Deshpande, it looks like you&#39;ve stopped using Grammarly on your browser. If you",
163f4e354c2968bf,Grammarly Premium <info@send.grammarly.com>,Last Chance: 40% Off a Grammarly Premium Upgrade,2018-06-12,Eliminate advanced writing mistakes and unlock more awesome features. Grammarly Just 24 Hours Left to Get 40% Off Grammarly Premium! Your limited-time offer to upgrade to Grammarly Premium is almost up,
163f1fed9e8f120f,Grammarly Insights <info@send.grammarly.com>,Your Weekly Progress Report + Stories & Tips,2018-06-11,"It seems that you had no writing activity with Grammarly last week. Just to be safe, please make sure you are logged in so that we can populate this email with cool stats including personal records and",
163ee447b4614527,Radhika Jain <info@eckmarket.in>,[Last Chance] Summer Internship 2018,2018-06-11,"Dear Deshpande Aaditya Prasad, Today is the last day of the month and registration, so complete the process with extra discount now! IIT Graduates are now Industrial Leaders, with all their industrial",
163ed9bb2b0c2bae,Google <no-reply@accounts.google.com>,Security alert,2018-06-11,Aaditya Deshpande New device signed in to aadityadeshpandeasmi@gmail.com Your Google Account was just signed in to from a new Android device. You&#39;re getting this email to make sure it was you.,
163ea913760cfcd0,Grammarly Premium <info@send.grammarly.com>,Write Like a Pro. Here's 40% Off Grammarly Premium!,2018-06-10,"Unlock every feature of Grammarly at a limited-time price. Grammarly Get 40% Off Grammarly Premium for the Next 2 Days You&#39;ve Earned It Hey, Aaditya Deshpande. You have been using Grammarly for a",
163e51ec833d0bb8,Radhika Jain <info@eckmarket.in>,[Notice] Minor Degree Program with IIT Educators | Internship,2018-06-09,"Dear Deshpande Aaditya Prasad, Minor Degree Program is the popular program of Eckovation which ensures complete industrial training of individual in specific domain. It is designed by IIT Experts in",
163e042a8bcd3669,Grammarly Premium <info@send.grammarly.com>,"Upgrade to Grammarly Premium, Become a Stronger Writer",2018-06-08,It&#39;s time to take your writing to the next level with Grammarly Premium. Grammarly Supercharge Your Grammar Skills We hope you&#39;re enjoying the Grammarly App and your much-improved writing. Now,
163dfa7e12bcf4fa,account-noreply@adobe.com,Your Adobe ID password has changed,2018-06-08,"Dear Aaditya Deshpande, Recently your AdobeID password has changed. If you didn&#39;t request this password change please contact the customer support team. http://www.adobe.com/support/contact/ The",
163dfa6af5d4d0fe,account-noreply@adobe.com,Reset Your Adobe ID Password,2018-06-08,"Dear Aaditya Deshpande, To reset your password, click this link. https://adobeid.services.adobe.com/reset/en_US/2TR0HP3M4PNSDAJ07W705GNA8W Please note: For security purposes, this link will expire 72",
163d5fee00c3c174,Radhika Jain <info@eckmarket.in>,[Reminder] Summer Internship Program 2018,2018-06-06,"Dear Deshpande Aaditya Prasad, Today is the last day of the month and registration, so complete the process with extra discount now! IIT Graduates are now Industrial Leaders, with all their industrial",
163cadba5ee3a363,Radhika Jain <info@eckmarket.in>,[Important] Summer Internship Program 2018,2018-06-04,"Dear Deshpande Aaditya Prasad, Today is the last day of the month and registration, so complete the process with extra discount now! IIT Graduates are now Industrial Leaders, with all their industrial",
163c9d4f1d33ea5c,Schweickert <contact@3484909982.smtpinbox.in>,Hiring:Senior Network Engineer Job-id:[846],2018-06-04,"Network/ Senior Network / L3 Senior Network Engineer Schweickert India Pvt. Ltd. 5 - 8 yrs Bengaluru(Whitefield) Job Description Send me Jobs like this // Operate, Maintain, Manage, and Improve network",
