{"access_token": "ya29.Gls9BnMfeoPnsRMVCtvFMmiLGATZVFk3txfEo7FiUJCsNMJPXgoKSvwFABbxs3oiBINMh4vG9RgRZ2djV5yx6YriycechD0QHn0jvDP-Ptmuv6sOssOFnVmNui1J", "client_id": "710417086917-vtfpjtu534jf9vacksosrher1s11u8da.apps.googleusercontent.com", "client_secret": "Js_SvbIdPGptERPVKwpF4IKX", "refresh_token": "1/ZB-NQ-Heodwo5IqgIOQ7iAZAW_GEW0iqm5UKPJTqn3k", "token_expiry": "2018-10-21T16:37:08Z", "token_uri": "https://www.googleapis.com/oauth2/v3/token", "user_agent": null, "revoke_uri": "https://accounts.google.com/o/oauth2/revoke", "id_token": null, "id_token_jwt": null, "token_response": {"access_token": "ya29.Gls9BnMfeoPnsRMVCtvFMmiLGATZVFk3txfEo7FiUJCsNMJPXgoKSvwFABbxs3oiBINMh4vG9RgRZ2djV5yx6YriycechD0QHn0jvDP-Ptmuv6sOssOFnVmNui1J", "expires_in": 3600, "refresh_token": "1/ZB-NQ-Heodwo5IqgIOQ7iAZAW_GEW0iqm5UKPJTqn3k", "scope": "https://www.googleapis.com/auth/gmail.modify", "token_type": "Bearer"}, "scopes": ["https://www.googleapis.com/auth/gmail.modify"], "token_info_uri": "https://www.googleapis.com/oauth2/v3/tokeninfo", "invalid": false, "_class": "OAuth2Credentials", "_module": "oauth2client.client"}