{"access_token": "ya29.GlsyBn0-iFMw-m1lLGs_ut36eR0PGY_iAlBJaP8RmcTEgPpCDZH8tRuqwxKL42DBSBwMVG5nWWwjaOCNyOpXaffXqgSElQvwPbiwbLALRW9hI02UD5AVNS81J3jJ", "client_id": "710417086917-vtfpjtu534jf9vacksosrher1s11u8da.apps.googleusercontent.com", "client_secret": "Js_SvbIdPGptERPVKwpF4IKX", "refresh_token": "1/IQMTy4lnN2qGXXh6MzffUlZNRtXAiVjGHcvIS6NOJQqf04Djhs1cvBF3sF314QYq", "token_expiry": "2018-10-11T02:26:52Z", "token_uri": "https://www.googleapis.com/oauth2/v3/token", "user_agent": null, "revoke_uri": "https://accounts.google.com/o/oauth2/revoke", "id_token": null, "id_token_jwt": null, "token_response": {"access_token": "ya29.GlsyBn0-iFMw-m1lLGs_ut36eR0PGY_iAlBJaP8RmcTEgPpCDZH8tRuqwxKL42DBSBwMVG5nWWwjaOCNyOpXaffXqgSElQvwPbiwbLALRW9hI02UD5AVNS81J3jJ", "expires_in": 3600, "scope": "https://www.googleapis.com/auth/gmail.modify", "token_type": "Bearer"}, "scopes": ["https://www.googleapis.com/auth/gmail.modify"], "token_info_uri": "https://www.googleapis.com/oauth2/v3/tokeninfo", "invalid": false, "_class": "OAuth2Credentials", "_module": "oauth2client.client"}