{"access_token": "ya29.GlwyBidtpvC6ghTaijVPosY6mmr4cX8ponHF46rz1NAENy5gmlUhquiZLA26N27YP1zj-PgnYPCnff2xZJG8J-vN8B5x-MF2QadG9QpKdx7F3MsuFfqzec3i2uW9qg", "client_id": "710417086917-vtfpjtu534jf9vacksosrher1s11u8da.apps.googleusercontent.com", "client_secret": "Js_SvbIdPGptERPVKwpF4IKX", "refresh_token": "1/klxVzZBFpvAFNY1kkkJmCPramKV_uoUXZpoQDU-id3Y", "token_expiry": "2018-10-11T02:56:28Z", "token_uri": "https://www.googleapis.com/oauth2/v3/token", "user_agent": null, "revoke_uri": "https://oauth2.googleapis.com/revoke", "id_token": null, "id_token_jwt": null, "token_response": {"access_token": "ya29.GlwyBidtpvC6ghTaijVPosY6mmr4cX8ponHF46rz1NAENy5gmlUhquiZLA26N27YP1zj-PgnYPCnff2xZJG8J-vN8B5x-MF2QadG9QpKdx7F3MsuFfqzec3i2uW9qg", "expires_in": 3600, "scope": "https://www.googleapis.com/auth/gmail.modify", "token_type": "Bearer"}, "scopes": ["https://www.googleapis.com/auth/gmail.modify"], "token_info_uri": "https://oauth2.googleapis.com/tokeninfo", "invalid": false, "_class": "OAuth2Credentials", "_module": "oauth2client.client"}