{"access_token": "ya29.GlsyBjG71vY0dhuPXLwYzkBYgf3KKZ51XtVXVuZoVjauatAfJO65EHBZzatrbu9gbNeyN_LduL0N2ly6XxF-AncVLEb496aaBahtQFoX-kXuu8evgdLYsnK_uzA9", "client_id": "710417086917-vtfpjtu534jf9vacksosrher1s11u8da.apps.googleusercontent.com", "client_secret": "Js_SvbIdPGptERPVKwpF4IKX", "refresh_token": "1/TzTAZNxrDsXe4uWPNzhb1rfvT_swWVbX_TbdAXJEuGo", "token_expiry": "2018-10-11T00:13:48Z", "token_uri": "https://www.googleapis.com/oauth2/v3/token", "user_agent": null, "revoke_uri": "https://accounts.google.com/o/oauth2/revoke", "id_token": null, "id_token_jwt": null, "token_response": {"access_token": "ya29.GlsyBjG71vY0dhuPXLwYzkBYgf3KKZ51XtVXVuZoVjauatAfJO65EHBZzatrbu9gbNeyN_LduL0N2ly6XxF-AncVLEb496aaBahtQFoX-kXuu8evgdLYsnK_uzA9", "expires_in": 3600, "refresh_token": "1/TzTAZNxrDsXe4uWPNzhb1rfvT_swWVbX_TbdAXJEuGo", "scope": "https://www.googleapis.com/auth/gmail.modify", "token_type": "Bearer"}, "scopes": ["https://www.googleapis.com/auth/gmail.modify"], "token_info_uri": "https://www.googleapis.com/oauth2/v3/tokeninfo", "invalid": false, "_class": "OAuth2Credentials", "_module": "oauth2client.client"}